Patient Number,Column1,Mutation,TP53,CDKN2A,SMAD4,KRAS,match?,bcr_patient_barcode,vital_status,group,days_to_death,new_days_to_death
1,TCGA-2J-AABE,S/K,0,0,1,1,Yes,TCGA-2J-AABE,Alive,0,[Not Applicable],2182
2,TCGA-S4-A8RM,S/K,0,0,1,1,Yes,TCGA-S4-A8RM,Alive,0,[Not Applicable],2182
3,TCGA-RB-A7B8,KRAS,0,0,0,1,Yes,TCGA-RB-A7B8,Dead,1,466,466
4,TCGA-Q3-AA2A,KRAS,0,0,0,1,Yes,TCGA-Q3-AA2A,Alive,0,[Not Applicable],2182
5,TCGA-F2-A44G,KRAS,0,0,0,1,Yes,TCGA-F2-A44G,Dead,1,233,233
6,TCGA-S4-A8RP,S/K,0,0,1,1,Yes,TCGA-S4-A8RP,Dead,1,702,702
7,TCGA-HV-A5A4,S/K,0,0,1,1,Yes,TCGA-HV-A5A4,Alive,0,[Not Applicable],2182
8,TCGA-HZ-A8P1,S/K,0,0,1,1,Yes,TCGA-HZ-A8P1,Alive,0,[Not Applicable],2182
9,TCGA-HZ-7919,S/K,0,0,1,1,Yes,TCGA-HZ-7919,Dead,1,593,593
10,TCGA-IB-7651,S/K,0,0,1,1,Yes,TCGA-IB-7651,Dead,1,603,603
11,TCGA-2J-AAB1,KRAS,0,0,0,1,Yes,TCGA-2J-AAB1,Dead,1,66,66
12,TCGA-3E-AAAZ,S/K,0,0,1,1,Yes,TCGA-3E-AAAZ,Dead,1,2182,2182
13,TCGA-IB-A7LX,KRAS,0,0,0,1,Yes,TCGA-IB-A7LX,Dead,1,250,250
14,TCGA-IB-AAUO,KRAS,0,0,0,1,Yes,TCGA-IB-AAUO,Dead,1,239,239
15,TCGA-3A-A9I7,KRAS,0,0,0,1,Yes,TCGA-3A-A9I7,Alive,0,[Not Applicable],2182
16,TCGA-2J-AABA,SMAD,0,0,1,0,Yes,TCGA-2J-AABA,Dead,1,607,607
17,TCGA-YY-A8LH,KRAS,0,0,0,1,Yes,TCGA-YY-A8LH,Alive,0,[Not Applicable],2182
18,TCGA-FB-AAPU,KRAS,0,0,0,1,Yes,TCGA-FB-AAPU,Dead,1,381,381
19,TCGA-IB-AAUM,S/K,0,0,1,1,Yes,TCGA-IB-AAUM,Alive,0,[Not Applicable],2182
20,TCGA-IB-AAUR,SMAD,0,0,1,0,Yes,TCGA-IB-AAUR,Alive,0,[Not Applicable],2182
21,TCGA-HZ-A49H,KRAS,0,0,0,1,Yes,TCGA-HZ-A49H,Alive,0,[Not Applicable],2182
22,TCGA-IB-A6UF,T/K,1,0,0,1,Yes,TCGA-IB-A6UF,Alive,0,[Not Applicable],2182
23,TCGA-IB-7890,T/K,1,0,0,1,Yes,TCGA-IB-7890,Dead,1,598,598
24,TCGA-IB-7644,T/S/K,1,0,1,1,Yes,TCGA-IB-7644,Dead,1,394,394
25,TCGA-2J-AABU,T/K,1,0,0,1,Yes,TCGA-2J-AABU,Dead,1,277,277
26,TCGA-LB-A7SX,TP53,1,0,0,0,Yes,TCGA-LB-A7SX,Dead,1,393,393
27,TCGA-HV-A5A3,T/S/K,1,0,1,1,Yes,TCGA-HV-A5A3,Dead,1,128,128
28,TCGA-HV-AA8X,T/S/K,1,0,1,1,Yes,TCGA-HV-AA8X,Dead,1,532,532
29,TCGA-HZ-8315,T/S/K,1,0,1,1,Yes,TCGA-HZ-8315,Dead,1,299,299
30,TCGA-HV-A5A5,TP53,1,0,0,0,Yes,TCGA-HV-A5A5,Alive,0,[Not Applicable],2182
31,TCGA-YH-A8SY,T/K,1,0,0,1,Yes,TCGA-YH-A8SY,Alive,0,[Not Applicable],2182
32,TCGA-FB-AAQ6,T/S/K,1,0,1,1,Yes,TCGA-FB-AAQ6,Dead,1,244,244
33,TCGA-FB-AAQ1,T/K,1,0,0,1,Yes,TCGA-FB-AAQ1,Dead,1,123,123
34,TCGA-3A-A9I9,T/K,1,0,0,1,Yes,TCGA-3A-A9I9,Dead,1,634,634
35,TCGA-HZ-A49I,T/K,1,0,0,1,Yes,TCGA-HZ-A49I,Dead,1,308,308
36,TCGA-2J-AAB8,T/S/K,1,0,1,1,Yes,TCGA-2J-AAB8,Alive,0,[Not Applicable],2182
37,TCGA-FB-AAQ0,T/K,1,0,0,1,Yes,TCGA-FB-AAQ0,Dead,1,473,473
38,TCGA-3A-A9IC,T/K,1,0,0,1,Yes,TCGA-3A-A9IC,Dead,1,738,738
39,TCGA-IB-AAUN,T/S/K,1,0,1,1,Yes,TCGA-IB-AAUN,Dead,1,144,144
40,TCGA-PZ-A5RE,T/S/K,1,0,1,1,Yes,TCGA-PZ-A5RE,Dead,1,470,470
41,TCGA-LB-A9Q5,T/C,1,0,1,0,Yes,TCGA-LB-A9Q5,Dead,1,313,313
42,TCGA-FB-AAPZ,T/K,1,0,0,1,Yes,TCGA-FB-AAPZ,Alive,0,[Not Applicable],2182
43,TCGA-FB-AAPQ,T/S/K,1,0,1,1,Yes,TCGA-FB-AAPQ,Dead,1,1130,1130
44,TCGA-IB-7891,T/C,1,0,1,0,Yes,TCGA-IB-7891,Dead,1,913,913
45,TCGA-IB-7893,T/K,1,0,0,1,Yes,TCGA-IB-7893,Dead,1,117,117
46,TCGA-XD-AAUG,TP53,1,0,0,0,Yes,TCGA-XD-AAUG,Alive,0,[Not Applicable],2182
47,TCGA-IB-7646,T/K,1,0,0,1,Yes,TCGA-IB-7646,Dead,1,145,145
48,TCGA-2L-AAQA,T/K,1,0,0,1,Yes,TCGA-2L-AAQA,Dead,1,143,143
49,TCGA-2J-AAB9,TP53,1,0,0,0,Yes,TCGA-2J-AAB9,Dead,1,627,627
50,TCGA-IB-AAUQ,T/K,1,0,0,1,Yes,TCGA-IB-AAUQ,Dead,1,183,183
51,TCGA-IB-A5SP,T/S/K,1,0,1,1,Yes,TCGA-IB-A5SP,Alive,0,[Not Applicable],2182
52,TCGA-IB-7887,T/K,1,0,0,1,Yes,TCGA-IB-7887,Dead,1,110,110
53,TCGA-HZ-7922,T/K,1,0,0,1,Yes,TCGA-HZ-7922,Alive,0,[Not Applicable],2182
54,TCGA-FB-A5VM,T/K,1,0,0,1,Yes,TCGA-FB-A5VM,Dead,1,498,498
55,TCGA-HV-AA8V,T/S/K,1,0,1,1,Yes,TCGA-HV-AA8V,Alive,0,[Not Applicable],2182
56,TCGA-US-A779,T/K,1,0,0,1,Yes,TCGA-US-A779,Dead,1,511,511
57,TCGA-HZ-A4BK,T/K,1,0,0,1,Yes,TCGA-HZ-A4BK,Alive,0,[Not Applicable],2182
58,TCGA-2J-AAB6,T/K,1,0,0,1,Yes,TCGA-2J-AAB6,Dead,1,293,293
59,TCGA-HZ-8005,T/K,1,0,0,1,Yes,TCGA-HZ-8005,Dead,1,120,120
60,TCGA-2J-AABH,T/K,1,0,0,1,Yes,TCGA-2J-AABH,Alive,0,[Not Applicable],2182
61,TCGA-2J-AABI,T/S/K,1,0,1,1,Yes,TCGA-2J-AABI,Alive,0,[Not Applicable],2182
62,TCGA-HZ-8636,T/K,1,0,0,1,Yes,TCGA-HZ-8636,Dead,1,545,545
63,TCGA-Z5-AAPL,TP53,1,0,0,0,Yes,TCGA-Z5-AAPL,Alive,0,[Not Applicable],2182
64,TCGA-2J-AAB4,T/S/K,1,0,1,1,Yes,TCGA-2J-AAB4,Alive,0,[Not Applicable],2182
65,TCGA-XD-AAUI,T/K,1,0,0,1,Yes,TCGA-XD-AAUI,Dead,1,366,366
66,TCGA-HZ-A77Q,T/S/K,1,0,1,1,Yes,TCGA-HZ-A77Q,Alive,0,[Not Applicable],2182
67,TCGA-3A-A9IZ,T/K,1,0,0,1,Yes,TCGA-3A-A9IZ,Dead,1,308,308
68,TCGA-F2-A7TX,T/K,1,0,0,1,Yes,TCGA-F2-A7TX,Dead,1,95,95
69,TCGA-XD-AAUL,T/K,1,0,0,1,Yes,TCGA-XD-AAUL,Alive,0,[Not Applicable],2182
70,TCGA-IB-7645,T/K,1,0,0,1,Yes,TCGA-IB-7645,Dead,1,1502,1502
71,TCGA-FB-AAPY,T/S/K,1,0,1,1,Yes,TCGA-FB-AAPY,Dead,1,1059,1059
72,TCGA-XN-A8T3,T/K,1,0,0,1,Yes,TCGA-XN-A8T3,Alive,0,[Not Applicable],2182
73,TCGA-2J-AABT,T/K,1,0,0,1,Yes,TCGA-2J-AABT,Alive,0,[Not Applicable],2182
74,TCGA-HZ-7925,T/S/K,1,0,1,1,Yes,TCGA-HZ-7925,Dead,1,614,614
75,TCGA-2J-AABO,T/K,1,0,0,1,Yes,TCGA-2J-AABO,Alive,0,[Not Applicable],2182
76,TCGA-IB-AAUU,T/K,1,0,0,1,Yes,TCGA-IB-AAUU,Alive,0,[Not Applicable],2182
77,TCGA-3A-A9J0,TP53,1,0,0,0,Yes,TCGA-3A-A9J0,Alive,0,[Not Applicable],2182
78,TCGA-IB-A5SO,T/K,1,0,0,1,Yes,TCGA-IB-A5SO,Dead,1,365,365
79,TCGA-S4-A8RO,T/K,1,0,0,1,Yes,TCGA-S4-A8RO,Alive,0,[Not Applicable],2182
80,TCGA-IB-7888,TP53,1,0,0,0,Yes,TCGA-IB-7888,Dead,1,1332,1332
81,TCGA-FB-AAQ3,T/K,1,0,0,1,Yes,TCGA-FB-AAQ3,Dead,1,31,31
82,TCGA-2L-AAQL,T/K,1,0,0,1,Yes,TCGA-2L-AAQL,Dead,1,292,292
83,TCGA-2L-AAQI,T/K,1,0,0,1,Yes,TCGA-2L-AAQI,Dead,1,103,103
84,TCGA-H6-A45N,TP53,1,0,0,0,Yes,TCGA-H6-A45N,Dead,1,421,421
85,TCGA-FB-AAPS,TP53,1,0,0,0,Yes,TCGA-FB-AAPS,Alive,0,[Not Applicable],2182
86,TCGA-YB-A89D,C/S/K,0,1,1,1,Yes,TCGA-YB-A89D,Alive,0,[Not Applicable],2182
87,TCGA-3A-A9IU,C/K,0,1,0,1,Yes,TCGA-3A-A9IU,Dead,1,458,458
88,TCGA-US-A77G,C/S/K,0,1,1,1,Yes,TCGA-US-A77G,Dead,1,12,12
89,TCGA-HZ-A8P0,C/K,0,1,0,1,Yes,TCGA-HZ-A8P0,Alive,0,[Not Applicable],2182
90,TCGA-HZ-A9TJ,T/C/K,1,1,0,1,Yes,TCGA-HZ-A9TJ,Alive,0,[Not Applicable],2182
91,TCGA-IB-A5SS,T/C/S/K,1,1,1,1,Yes,TCGA-IB-A5SS,Dead,1,460,460
92,TCGA-FB-A78T,T/C/S/K,1,1,1,1,Yes,TCGA-FB-A78T,Dead,1,375,375
93,TCGA-IB-A6UG,T/C/K,1,1,0,1,Yes,TCGA-IB-A6UG,Dead,1,41,41
94,TCGA-HZ-A77O,T/C/K,1,1,0,1,Yes,TCGA-HZ-A77O,Dead,1,160,160
95,TCGA-IB-7649,T/C/K,1,1,0,1,Yes,TCGA-IB-7649,Dead,1,467,467
96,TCGA-2L-AAQE,T/C/K,1,1,0,1,Yes,TCGA-2L-AAQE,Dead,1,684,684
97,TCGA-H6-8124,T/C/K,1,1,0,1,Yes,TCGA-H6-8124,Alive,0,[Not Applicable],2182
98,TCGA-HZ-A4BH,T/C/K,1,1,0,1,Yes,TCGA-HZ-A4BH,Alive,0,[Not Applicable],2182
99,TCGA-IB-7886,T/C/S/K,1,1,1,1,Yes,TCGA-IB-7886,Dead,1,123,123
100,TCGA-2L-AAQJ,T/C/K,1,1,0,1,Yes,TCGA-2L-AAQJ,Dead,1,394,394
101,TCGA-HV-A7OL,T/C/K,1,1,0,1,Yes,TCGA-HV-A7OL,Alive,0,[Not Applicable],2182
102,TCGA-HZ-7926,T/C/K,1,1,0,1,Yes,TCGA-HZ-7926,Dead,1,518,518
103,TCGA-3A-A9IH,T/C/S/K,1,1,1,1,Yes,TCGA-3A-A9IH,Alive,0,[Not Applicable],2182
104,TCGA-2J-AABK,T/C/K,1,1,0,1,Yes,TCGA-2J-AABK,Alive,0,[Not Applicable],2182
105,TCGA-M8-A5N4,T/C/K,1,1,0,1,Yes,TCGA-M8-A5N4,Alive,0,[Not Applicable],2182
106,TCGA-IB-8127,T/C/K,1,1,0,1,Yes,TCGA-IB-8127,Alive,0,[Not Applicable],2182
107,TCGA-3E-AAAY,T/C,1,1,0,0,Yes,TCGA-3E-AAAY,Alive,0,[Not Applicable],2182
108,TCGA-HZ-A49G,T/C/K,1,1,0,1,Yes,TCGA-HZ-A49G,Alive,0,[Not Applicable],2182
109,TCGA-IB-A7M4,T/C/K,1,1,0,1,Yes,TCGA-IB-A7M4,Alive,0,[Not Applicable],2182
110,TCGA-F2-A8YN,T/C/K,1,1,0,1,Yes,TCGA-F2-A8YN,Alive,0,[Not Applicable],2182
111,TCGA-2J-AABF,T/C/K,1,1,0,1,Yes,TCGA-2J-AABF,Dead,1,691,691
112,TCGA-FB-A545,T/C/K,1,1,0,1,Yes,TCGA-FB-A545,Dead,1,732,732
113,TCGA-3A-A9IB,T/C/K,1,1,0,1,Yes,TCGA-3A-A9IB,Dead,1,224,224
114,TCGA-HV-A5A6,T/C/K,1,1,0,1,Yes,TCGA-HV-A5A6,Dead,1,2036,2036
115,TCGA-OE-A75W,T/C/K,1,1,0,1,Yes,TCGA-OE-A75W,Dead,1,267,267
116,TCGA-IB-7889,T/C/S/K,1,1,1,1,Yes,TCGA-IB-7889,Dead,1,481,481
117,TCGA-RB-AA9M,T/C,1,1,0,0,Yes,TCGA-RB-AA9M,Alive,0,[Not Applicable],2182
118,TCGA-FB-AAQ2,T/C/K,1,1,0,1,Yes,TCGA-FB-AAQ2,Dead,1,153,153
119,TCGA-F2-6879,T/C/K,1,1,0,1,Yes,TCGA-F2-6879,Dead,1,334,334
